{"('0', '2', '0000')": [9.99370733187044, 7.999999999999995, 9.983879138743625, 7.999999999999995], "('0', '2', '0001')": [8.325187747486911, 7.889962717546437, 9.18805150526676, -0.7], "('0', '2', '0010')": [9.689734779013726, 7.999999999999995, -0.7, 7.999999999999995], "('0', '2', '0011')": [9.726445516718767, 0, 0, 0], "('0', '2', '0100')": [8.011524740514918, -0.9999940950999999, 9.637287592610111, 7.999999994973235], "('0', '2', '0101')": [9.464348508375599, 0, 0, 0], "('0', '2', '0110')": [8.491536182706504, 0, 0, 0], "('0', '2', '0111')": [9.893472428304406, 0, 0, 0], "('0', '2', '1000')": [-0.7, 7.494004005629397, 9.41535265365384, 0], "('0', '2', '1001')": [-0.7, 7.982791087014249, 9.975126911326804, 0], "('0', '2', '1010')": [-0.973, 6.236034470269958, -0.9099999999999999, -1.3509999999999998], "('0', '2', '1011')": [-0.7, -1.5462999999999998, 0, 0], "('0', '2', '1100')": [-0.7, -0.7, 9.321881866316273, 0], "('0', '2', '1101')": [-0.7, -0.7, 7.085931783721282, 0], "('0', '2', '1110')": [0, 0, 0, 0], "('0', '2', '1111')": [0, 0, 0, 0], "('0', '3', '0000')": [9.97879226876146, 7.999999999999995, 7.999999999998657, 9.814706537930387], "('0', '3', '0001')": [9.989187363339266, 6.199999997597988, 0, 0], "('0', '3', '0010')": [7.918181509051022, 6.199998346003539, 0, 9.9965016405204], "('0', '3', '0011')": [8.701579553560439, 0, 0, 0], "('0', '3', '0100')": [9.9852786063265, -0.9999940950999999, 7.999999999999995, 9.585724894458167], "('0', '3', '0101')": [9.987405411584747, 0, 0, 0], "('0', '3', '0110')": [9.923764350339123, 0, -0.9099999999999999, 0], "('0', '3', '0111')": [0, 0, 0, 0], "('0', '3', '1000')": [-0.9099999999999999, -0.7624348754781378, -0.638623897418642, 9.996883843362673], "('0', '3', '1001')": [-0.973, -1.4428458637437998, -0.9099999999999999, -0.9099999999999999], "('0', '3', '1010')": [0, 0, 0, 0], "('0', '3', '1011')": [-0.7, 0, 0, 0], "('0', '3', '1100')": [-0.7, -0.7, 7.998731591207439, 0], "('0', '3', '1101')": [0, 0, 0, 0], "('0', '3', '1110')": [0, 0, 0, 0], "('0', '3', '1111')": [0, 0, 0, 0], "('0', 'NA', '0000')": [9.961972883581499, 7.923442469446389, 7.999999999996062, 7.999999999999995], "('0', 'NA', '0001')": [8.110118924785455, 0, 0, 0], "('0', 'NA', '0010')": [9.94077760467173, 0, 0, 0], "('0', 'NA', '0011')": [9.931384931001107, 0, 0, 0], "('0', 'NA', '0100')": [9.36236914580854, -0.7, 7.799296623503601, 6.643138005517248], "('0', 'NA', '0101')": [9.98142731937254, 0, 0, 0], "('0', 'NA', '0110')": [9.980416671114625, 0, 0, 0], "('0', 'NA', '0111')": [0, 0, 0, 0], "('0', 'NA', '1000')": [-0.7, 6.1771570485851495, 7.99066945467616, 0], "('0', 'NA', '1001')": [-0.7, 6.14798047373785, 0, 0], "('0', 'NA', '1010')": [0, 0, 0, 0], "('0', 'NA', '1011')": [0, 0, 0, 0], "('0', 'NA', '1100')": [-0.7, -0.7, 7.980920334431914, 0], "('0', 'NA', '1101')": [0, 0, 0, 0], "('0', 'NA', '1110')": [0, 0, 0, 0], "('0', 'NA', '1111')": [0, 0, 0, 0], "('1', '2', '0000')": [7.999999999999995, 9.999263642551211, 9.996928089699425, 7.999999999999995], "('1', '2', '0001')": [0, 9.928184566468946, 3.261996201417755, 0], "('1', '2', '0010')": [7.221088141251469, 5.003830266479188, 0, 0], "('1', '2', '0011')": [-0.07102875028298057, 9.730408689711881, 0, 0], "('1', '2', '0100')": [6.986829007914071, -0.7, 9.934375935127077, 6.002350940969003], "('1', '2', '0101')": [-0.9977966994912099, -0.7, 9.087803904256019, 0], "('1', '2', '0110')": [6.054132219120717, 0, 0, 0], "('1', '2', '0111')": [4.743292479400721, 0, 0, 0], "('1', '2', '1000')": [-0.999999468559, 9.922485047163942, 6.579006284040847, 7.999999999997359], "('1', '2', '1001')": [-0.7, 9.578939898787104, 0, 0], "('1', '2', '1010')": [-0.7, 9.748751909559193, 0, 0], "('1', '2', '1011')": [0, 0, 0, 0], "('1', '2', '1100')": [-0.7, -0.7, 9.954460045971832, 0], "('1', '2', '1101')": [-0.7, -0.7, 9.68730722402869, 0], "('1', '2', '1110')": [-0.7, -0.7, -0.7, 4.448708723887172], "('1', '2', '1111')": [0, 0, 0, 0], "('1', '3', '0000')": [7.999999999999995, 9.997041326519618, 7.999999999999995, 9.998081788035554], "('1', '3', '0001')": [4.821130785405446, 8.197618378794484, 0, 0], "('1', '3', '0010')": [7.441360087932692, 8.0441929891836, -0.999980317, 9.873271370037594], "('1', '3', '0011')": [-0.973, 9.982803121781558, 0, 0], "('1', '3', '0100')": [-0.9099999999999999, -0.973, 7.564660214797234, 4.950800609003592], "('1', '3', '0101')": [-1.73719, -0.999999468559, -1.3509999999999998, -0.99999822853], "('1', '3', '0110')": [-0.9099999999999999, -0.7, -0.7, 9.983676694703986], "('1', '3', '0111')": [6.488588690386326, -0.9099999999999999, -0.9099999999999999, -0.9099999999999999], "('1', '3', '1000')": [-0.9999940950999999, 6.655318630535894, 7.995158592863632, 9.904093028805882], "('1', '3', '1001')": [-0.7, 9.627855670098352, 0, 0], "('1', '3', '1010')": [-0.7, 9.936581168191436, 0, 0], "('1', '3', '1011')": [-0.7, 0, 0, 0], "('1', '3', '1100')": [-0.7, -0.7, 7.463219003705249, 0], "('1', '3', '1101')": [-0.7, 0, 0, 0], "('1', '3', '1110')": [-0.7, -0.7, -0.7, 9.838197584184208], "('1', '3', '1111')": [-0.7, 0, 0, 0], "('1', 'NA', '0000')": [6.537281553395426, 9.790968764082237, 7.999999999999995, 7.999999999999995], "('1', 'NA', '0001')": [-0.7725862588448547, 9.997369888904323, 0, 0], "('1', 'NA', '0010')": [-1.720295813891774, 9.38420568313919, 0, -0.9738411261888638], "('1', 'NA', '0011')": [-0.973, 9.976933863565481, 0, 0], "('1', 'NA', '0100')": [-1.5546576113856516, -0.973, -1.4306754518917297, 7.335406292454949], "('1', 'NA', '0101')": [-1.4489567287449585, -0.7, 7.973445222919695, 0], "('1', 'NA', '0110')": [-0.9099999999999999, -0.7, -0.7, 4.389689842903358], "('1', 'NA', '0111')": [0, 0, 0, 0], "('1', 'NA', '1000')": [-0.7, 9.05156474639423, 0, 0], "('1', 'NA', '1001')": [-0.7, 9.974371009704733, 0, 0], "('1', 'NA', '1010')": [-0.7, 9.639614313001111, 0, 0], "('1', 'NA', '1011')": [0, 0, 0, 0], "('1', 'NA', '1100')": [-0.7, -0.7, 0, 0], "('1', 'NA', '1101')": [-0.7, -0.7, 0, 0], "('1', 'NA', '1110')": [0, 0, 0, 0], "('1', 'NA', '1111')": [0, 0, 0, 0], "('NA', '2', '0000')": [7.999999999999991, 7.999999999999995, 9.637677948465718, 7.999999999999995], "('NA', '2', '0001')": [6.568996071476512, 5.377887052292632, 3.9846552232083985, -0.99999822853], "('NA', '2', '0010')": [3.983305771151123, 0, 0, 0], "('NA', '2', '0011')": [4.065891215404886, 0, 0, 0], "('NA', '2', '0100')": [6.447347057417478, -0.7, 9.684950545229588, 4.862051081971623], "('NA', '2', '0101')": [-0.8934989769762859, -0.7, 7.047591610123438, 0], "('NA', '2', '0110')": [0, 0, 0, 0], "('NA', '2', '0111')": [0, 0, 0, 0], "('NA', '2', '1000')": [-0.9919, 7.252889259815387, 6.95954844413278, 3.6448715677318266], "('NA', '2', '1001')": [-0.7, 7.707671217891164, 0, 0], "('NA', '2', '1010')": [-0.7, 4.6127394044536105, 0, 0], "('NA', '2', '1011')": [0, 0, 0, 0], "('NA', '2', '1100')": [-0.7, -0.7, 9.307088525863715, 0], "('NA', '2', '1101')": [-0.7, -0.7, 0, 0], "('NA', '2', '1110')": [0, 0, 0, 0], "('NA', '2', '1111')": [-0.7, -0.7, 0, 0], "('NA', '3', '0000')": [7.999999999999995, 7.999999999999995, 7.999999999999995, 9.961696514766384], "('NA', '3', '0001')": [4.774504601853854, 0, 0, 0], "('NA', '3', '0010')": [7.999999986112083, 6.199999999999995, -0.9975700000000001, 9.961352628680961], "('NA', '3', '0011')": [-0.973, -0.973, -0.7, -0.7], "('NA', '3', '0100')": [5.403527227547346, -0.9099999999999999, 6.19999999998125, 9.779822841779357], "('NA', '3', '0101')": [-1.5562377293995964, -0.7, 3.3597849583749175, 0], "('NA', '3', '0110')": [7.985226377833266, 0, 0, 0], "('NA', '3', '0111')": [-0.973, -0.7, 0, 0], "('NA', '3', '1000')": [-0.9099999999999999, 7.997258544785468, 0, 1.2956898082109234], "('NA', '3', '1001')": [-0.7, -1.5649654497285785, 3.44384019625746, 0], "('NA', '3', '1010')": [-0.7, -0.5998546244317527, -0.7, 9.87452611522722], "('NA', '3', '1011')": [-0.7, 0, 0, 0], "('NA', '3', '1100')": [-0.7, -0.7, -0.7948980290434915, 9.942139220383789], "('NA', '3', '1101')": [0, 0, 0, 0],